{
  "NAME": "Unimodal_Experiments_dim",
  "SUPPORTED_MODELS": [
    "Bayes",
    "SGD",
    "Linear",
    "Ridge"
  ],
  "config": {
    "Na": 100.0,
    "Ntrn": 1,
    "Ntst": 1000.0,
    "Nz": 100.0,
    "alpha": [
      0.0001,
      0.4082612244897959,
      0.8164224489795918,
      1.2245836734693878,
      1.6327448979591836,
      2.04090612244898,
      2.449067346938776,
      2.8572285714285717,
      3.2653897959183675,
      3.6735510204081634,
      4.081712244897959,
      4.489873469387755,
      4.898034693877551,
      5.306195918367346,
      5.714357142857143,
      6.122518367346938,
      6.530679591836734,
      6.938840816326531,
      7.347002040816326,
      7.755163265306122,
      8.163324489795919,
      8.571485714285714,
      8.97964693877551,
      9.387808163265305,
      9.795969387755102,
      10.204130612244898,
      10.612291836734693,
      11.02045306122449,
      11.428614285714286,
      11.836775510204081,
      12.244936734693876,
      12.653097959183674,
      13.061259183673469,
      13.469420408163264,
      13.877581632653062,
      14.285742857142857,
      14.693904081632652,
      15.102065306122448,
      15.510226530612245,
      15.91838775510204,
      16.326548979591838,
      16.734710204081633,
      17.14287142857143,
      17.551032653061224,
      17.95919387755102,
      18.367355102040815,
      18.77551632653061,
      19.18367755102041,
      19.591838775510205,
      20.0
    ],
    "b": 1.0,
    "c": 1.0,
    "dim": 10,
    "lr": [
      0.0001,
      0.02050612244897959,
      0.04091224489795919,
      0.06131836734693878,
      0.08172448979591837,
      0.10213061224489796,
      0.12253673469387756,
      0.14294285714285712,
      0.16334897959183672,
      0.18375510204081633,
      0.2041612244897959,
      0.2245673469387755,
      0.2449734693877551,
      0.2653795918367347,
      0.28578571428571425,
      0.30619183673469386,
      0.32659795918367346,
      0.34700408163265306,
      0.36741020408163266,
      0.3878163265306122,
      0.4082224489795918,
      0.4286285714285714,
      0.449034693877551,
      0.4694408163265306,
      0.4898469387755102,
      0.5102530612244898,
      0.5306591836734694,
      0.551065306122449,
      0.5714714285714285,
      0.5918775510204082,
      0.6122836734693877,
      0.6326897959183674,
      0.6530959183673469,
      0.6735020408163265,
      0.6939081632653061,
      0.7143142857142857,
      0.7347204081632653,
      0.7551265306122449,
      0.7755326530612244,
      0.7959387755102041,
      0.8163448979591836,
      0.8367510204081633,
      0.8571571428571428,
      0.8775632653061224,
      0.897969387755102,
      0.9183755102040816,
      0.9387816326530612,
      0.9591877551020408,
      0.9795938775510205,
      1.0
    ],
    "m": 0.0,
    "n_iter": [
      0,
      50
    ],
    "std_y": 1
  },
  "k": "n_iter",
  "model_tag": "Bayes",
  "numba_config": {
    "_dict_type": {
      "py/reduce": [
        {
          "py/function": "numba.core.types.abstract._type_reconstructor"
        },
        {
          "py/tuple": [
            {
              "py/function": "copyreg._reconstructor"
            },
            {
              "py/tuple": [
                {
                  "py/type": "numba.core.types.containers.DictType"
                },
                {
                  "py/type": "builtins.object"
                },
                null
              ]
            },
            {
              "_code": 492,
              "_initial_value": null,
              "key_type": {
                "py/reduce": [
                  {
                    "py/function": "numba.core.types.abstract._type_reconstructor"
                  },
                  {
                    "py/tuple": [
                      {
                        "py/function": "copyreg._reconstructor"
                      },
                      {
                        "py/tuple": [
                          {
                            "py/type": "numba.core.types.misc.UnicodeType"
                          },
                          {
                            "py/type": "builtins.object"
                          },
                          null
                        ]
                      },
                      {
                        "_code": 8,
                        "name": "unicode_type"
                      }
                    ]
                  }
                ]
              },
              "keyvalue_type": {
                "py/reduce": [
                  {
                    "py/function": "numba.core.types.abstract._type_reconstructor"
                  },
                  {
                    "py/tuple": [
                      {
                        "py/function": "copyreg._reconstructor"
                      },
                      {
                        "py/tuple": [
                          {
                            "py/type": "numba.core.types.containers.Tuple"
                          },
                          {
                            "py/type": "builtins.object"
                          },
                          null
                        ]
                      },
                      {
                        "_code": 491,
                        "count": 2,
                        "dtype": {
                          "py/reduce": [
                            {
                              "py/function": "numba.core.types.abstract._type_reconstructor"
                            },
                            {
                              "py/tuple": [
                                {
                                  "py/function": "copyreg._reconstructor"
                                },
                                {
                                  "py/tuple": [
                                    {
                                      "py/type": "numba.core.types.containers.UnionType"
                                    },
                                    {
                                      "py/type": "builtins.object"
                                    },
                                    null
                                  ]
                                },
                                {
                                  "_code": 490,
                                  "name": "Union[array(float64, 1d, A),unicode_type]",
                                  "types": {
                                    "py/tuple": [
                                      {
                                        "py/id": 7
                                      },
                                      {
                                        "py/id": 6
                                      }
                                    ]
                                  }
                                }
                              ]
                            }
                          ]
                        },
                        "name": "Tuple(unicode_type, array(float64, 1d, A))",
                        "types": {
                          "py/tuple": [
                            {
                              "py/id": 6
                            },
                            {
                              "py/id": 7
                            }
                          ]
                        }
                      }
                    ]
                  }
                ]
              },
              "name": "DictType[unicode_type,array(float64, 1d, A)]<iv=None>",