{
  "NAME": "Unimodal_Experiments_dim",
  "SUPPORTED_MODELS": [
    "Bayes",
    "SGD",
    "Linear",
    "Ridge"
  ],
  "config": {
    "Na": 100.0,
    "Ntrn": 2,
    "Ntst": 1000.0,
    "Nz": 100.0,
    "alpha": [
      0.0001,
      0.4082612244897959,
      0.8164224489795918,
      1.2245836734693878,
      1.6327448979591836,
      2.04090612244898,
      2.449067346938776,
      2.8572285714285717,
      3.2653897959183675,
      3.6735510204081634,
      4.081712244897959,
      4.489873469387755,
      4.898034693877551,
      5.306195918367346,
      5.714357142857143,
      6.122518367346938,
      6.530679591836734,
      6.938840816326531,
      7.347002040816326,
      7.755163265306122,
      8.163324489795919,
      8.571485714285714,
      8.97964693877551,
      9.387808163265305,
      9.795969387755102,
      10.204130612244898,
      10.612291836734693,
      11.02045306122449,
      11.428614285714286,
      11.836775510204081,
      12.244936734693876,
      12.653097959183674,
      13.061259183673469,
      13.469420408163264,
      13.877581632653062,
      14.285742857142857,
      14.693904081632652,
      15.102065306122448,
      15.510226530612245,
      15.91838775510204,
      16.326548979591838,
      16.734710204081633,
      17.14287142857143,
      17.551032653061224,
      17.95919387755102,
      18.367355102040815,
      18.77551632653061,
      19.18367755102041,
      19.591838775510205,
      20.0
    ],
    "b": 1.0,
    "c": 1.0,
    "dim": 1,
    "lr": [
      0.0001,
      0.02050612244897959,
      0.04091224489795919,
      0.06131836734693878,
      0.08172448979591837,
      0.10213061224489796,
      0.12253673469387756,
      0.14294285714285712,
      0.16334897959183672,
      0.18375510204081633,
      0.2041612244897959,
      0.2245673469387755,
      0.2449734693877551,
      0.2653795918367347,
      0.28578571428571425,
      0.30619183673469386,
      0.32659795918367346,
      0.34700408163265306,
      0.36741020408163266,
      0.3878163265306122,
      0.4082224489795918,
      0.4286285714285714,
      0.449034693877551,
      0.4694408163265306,
      0.4898469387755102,
      0.5102530612244898,
      0.5306591836734694,
      0.551065306122449,
      0.5714714285714285,
      0.5918775510204082,
      0.6122836734693877,
      0.6326897959183674,
      0.6530959183673469,
      0.6735020408163265,
      0.6939081632653061,
      0.7143142857142857,
      0.7347204081632653,
      0.7551265306122449,
      0.7755326530612244,
      0.7959387755102041,
      0.8163448979591836,
      0.8367510204081633,
      0.8571571428571428,
      0.8775632653061224,
      0.897969387755102,
      0.9183755102040816,
      0.9387816326530612,
      0.9591877551020408,
      0.9795938775510205,
      1.0
    ],
    "m": 0.0,
    "n_iter": 1,
    "std_y": [
      0.0,
      0.050505050505050504,
      0.10101010101010101,
      0.15151515151515152,
      0.20202020202020202,
      0.25252525252525254,
      0.30303030303030304,
      0.35353535353535354,
      0.40404040404040403,
      0.45454545454545453,
      0.5050505050505051,
      0.5555555555555556,
      0.6060606060606061,
      0.6565656565656566,
      0.7070707070707071,
      0.7575757575757576,
      0.8080808080808081,
      0.8585858585858586,
      0.9090909090909091,
      0.9595959595959596,
      1.0101010101010102,
      1.0606060606060606,
      1.1111111111111112,
      1.1616161616161615,
      1.2121212121212122,
      1.2626262626262625,
      1.3131313131313131,
      1.3636363636363635,
      1.4141414141414141,
      1.4646464646464645,
      1.5151515151515151,
      1.5656565656565655,
      1.6161616161616161,
      1.6666666666666667,
      1.7171717171717171,
      1.7676767676767677,
      1.8181818181818181,
      1.8686868686868687,
      1.9191919191919191,
      1.9696969696969697,
      2.0202020202020203,
      2.0707070707070705,
      2.121212121212121,
      2.1717171717171717,
      2.2222222222222223,
      2.2727272727272725,
      2.323232323232323,
      2.3737373737373737,
      2.4242424242424243,
      2.474747474747475,
      2.525252525252525,
      2.5757575757575757,
      2.6262626262626263,
      2.676767676767677,
      2.727272727272727,
      2.7777777777777777,
      2.8282828282828283,
      2.878787878787879,
      2.929292929292929,
      2.9797979797979797,
      3.0303030303030303,
      3.080808080808081,
      3.131313131313131,
      3.1818181818181817,
      3.2323232323232323,
      3.282828282828283,
      3.3333333333333335,
      3.3838383838383836,
      3.4343434343434343,
      3.484848484848485,
      3.5353535353535355,
      3.5858585858585856,
      3.6363636363636362,
      3.686868686868687,
      3.7373737373737375,
      3.7878787878787876,
      3.8383838383838382,
      3.888888888888889,
      3.9393939393939394,
      3.9898989898989896,
      4.040404040404041,
      4.090909090909091,
      4.141414141414141,
      4.191919191919192,
      4.242424242424242,
      4.292929292929293,
      4.343434343434343,
      4.393939393939394,
      4.444444444444445,
      4.494949494949495,
      4.545454545454545,
      4.595959595959596,
      4.646464646464646,
      4.696969696969697,
      4.747474747474747,
      4.797979797979798,
      4.848484848484849,
      4.898989898989899,
      4.94949494949495,
      5.0
    ]
  },
  "k": "n_iter",
  "model_tag": "Bayes",
  "numba_config": {
    "_dict_type": {
      "py/reduce": [
        {
          "py/function": "numba.core.types.abstract._type_reconstructor"
        },
        {
          "py/tuple": [
            {
              "py/function": "copyreg._reconstructor"
            },
            {
              "py/tuple": [
                {
                  "py/type": "numba.core.types.containers.DictType"
                },
                {
                  "py/type": "builtins.object"
                },
                null
              ]
            },
            {
              "_code": 492,
              "_initial_value": null,
              "key_type": {
                "py/reduce": [
                  {
                    "py/function": "numba.core.types.abstract._type_reconstructor"
                  },
                  {
                    "py/tuple": [
                      {
                        "py/function": "copyreg._reconstructor"
                      },
                      {
                        "py/tuple": [
                          {
                            "py/type": "numba.core.types.misc.UnicodeType"
                          },
                          {
                            "py/type": "builtins.object"
                          },
                          null
                        ]
                      },
                      {
                        "_code": 8,
                        "name": "unicode_type"
                      }
                    ]
                  }
                ]
              },
              "keyvalue_type": {
                "py/reduce": [
                  {
                    "py/function": "numba.core.types.abstract._type_reconstructor"
                  },
                  {
                    "py/tuple": [
                      {
                        "py/function": "copyreg._reconstructor"
                      },
                      {
                        "py/tuple": [
                          {
                            "py/type": "numba.core.types.containers.Tuple"
                          },
                          {
                            "py/type": "builtins.object"
                          },
                          null
                        ]
                      },
                      {
                        "_code": 491,
                        "count": 2,