{
  "NAME": "Unimodal_Experiments",
  "SUPPORTED_MODELS": [
    "Bayes",
    "SGD",
    "Linear",
    "Ridge"
  ],
  "config": {
    "Na": 100,
    "Ntrn": 50,
    "Ntst": 1000,
    "Nz": 100,
    "alpha": [
      0.0001,
      1.0527263157894737,
      2.1053526315789477,
      3.1579789473684214,
      4.210605263157895,
      5.2632315789473685,
      6.315857894736842,
      7.368484210526316,
      8.42111052631579,
      9.473736842105264,
      10.526363157894737,
      11.57898947368421,
      12.631615789473685,
      13.68424210526316,
      14.736868421052632,
      15.789494736842105,
      16.84212105263158,
      17.894747368421054,
      18.94737368421053,
      20.0
    ],
    "b": 1.0,
    "c": 1.0,
    "dim": 1,
    "lr": [
      0.0001,
      0.05272631578947369,
      0.10535263157894738,
      0.15797894736842105,
      0.21060526315789474,
      0.2632315789473684,
      0.3158578947368421,
      0.3684842105263158,
      0.4211105263157895,
      0.4737368421052632,
      0.5263631578947369,
      0.5789894736842105,
      0.6316157894736842,
      0.684242105263158,
      0.7368684210526316,
      0.7894947368421052,
      0.842121052631579,
      0.8947473684210527,
      0.9473736842105264,
      1.0
    ],
    "m": 0.0,
    "n_iter": 1,
    "std_y": [
      0.0,
      0.10204081632653061,
      0.20408163265306123,
      0.30612244897959184,
      0.40816326530612246,
      0.5102040816326531,
      0.6122448979591837,
      0.7142857142857143,
      0.8163265306122449,
      0.9183673469387755,
      1.0204081632653061,
      1.1224489795918369,
      1.2244897959183674,
      1.3265306122448979,
      1.4285714285714286,
      1.5306122448979593,
      1.6326530612244898,
      1.7346938775510203,
      1.836734693877551,
      1.9387755102040818,
      2.0408163265306123,
      2.142857142857143,
      2.2448979591836737,
      2.3469387755102042,
      2.4489795918367347,
      2.5510204081632653,
      2.6530612244897958,
      2.7551020408163267,
      2.857142857142857,
      2.9591836734693877,
      3.0612244897959187,
      3.163265306122449,
      3.2653061224489797,
      3.36734693877551,
      3.4693877551020407,
      3.5714285714285716,
      3.673469387755102,
      3.7755102040816326,
      3.8775510204081636,
      3.979591836734694,
      4.081632653061225,
      4.183673469387755,
      4.285714285714286,
      4.387755102040816,
      4.4897959183673475,
      4.591836734693878,
      4.6938775510204085,
      4.795918367346939,
      4.8979591836734695,
      5.0
    ]
  },
  "k": "n_iter",
  "model_tag": "Linear",
  "numba_config": {
    "_dict_type": {
      "py/reduce": [
        {
          "py/function": "numba.core.types.abstract._type_reconstructor"
        },
        {
          "py/tuple": [
            {
              "py/function": "copyreg._reconstructor"
            },
            {
              "py/tuple": [
                {
                  "py/type": "numba.core.types.containers.DictType"
                },
                {
                  "py/type": "builtins.object"
                },
                null
              ]
            },
            {
              "_code": 482,
              "_initial_value": null,
              "key_type": {
                "py/reduce": [
                  {
                    "py/function": "numba.core.types.abstract._type_reconstructor"
                  },
                  {
                    "py/tuple": [
                      {
                        "py/function": "copyreg._reconstructor"
                      },
                      {
                        "py/tuple": [
                          {
                            "py/type": "numba.core.types.misc.UnicodeType"
                          },
                          {
                            "py/type": "builtins.object"
                          },
                          null
                        ]
                      },
                      {
                        "_code": 8,
                        "name": "unicode_type"
                      }
                    ]
                  }
                ]
              },
              "keyvalue_type": {
                "py/reduce": [
                  {
                    "py/function": "numba.core.types.abstract._type_reconstructor"
                  },
                  {
                    "py/tuple": [
                      {
                        "py/function": "copyreg._reconstructor"
                      },
                      {
                        "py/tuple": [
                          {
                            "py/type": "numba.core.types.containers.Tuple"
                          },
                          {
                            "py/type": "builtins.object"
                          },
                          null
                        ]
                      },
                      {
                        "_code": 481,
                        "count": 2,
                        "dtype": {
                          "py/reduce": [
                            {
                              "py/function": "numba.core.types.abstract._type_reconstructor"
                            },
                            {
                              "py/tuple": [
                                {
                                  "py/function": "copyreg._reconstructor"
                                },
                                {
                                  "py/tuple": [
                                    {
                                      "py/type": "numba.core.types.containers.UnionType"
                                    },
                                    {
                                      "py/type": "builtins.object"
                                    },
                                    null
                                  ]
                                },
                                {
                                  "_code": 480,
                                  "name": "Union[array(float64, 1d, A),unicode_type]",
                                  "types": {
                                    "py/tuple": [
                                      {
                                        "py/id": 7
                                      },
                                      {
                                        "py/id": 6
                                      }
                                    ]
                                  }
                                }
                              ]
                            }
                          ]
                        },
                        "name": "Tuple(unicode_type, array(float64, 1d, A))",
                        "types": {
                          "py/tuple": [
                            {
                              "py/id": 6
                            },
                            {
                              "py/id": 7
                            }
                          ]
                        }
                      }
                    ]
                  }
                ]
              },
              "name": "DictType[unicode_type,array(float64, 1d, A)]<iv=None>",