{
  "NAME": "unimodal-nonlinear",
  "SUPPORTED_MODELS": [
    "Bayes",
    "KernelRidge",
    "MAML"
  ],
  "config": {
    "Na": 50,
    "Ntrn": 10,
    "Ntst": 1000,
    "Nz": 50,
    "alpha": [
      9.999999747378752e-05,
      2.222311019897461,
      4.444522380828857,
      6.666733741760254,
      8.888944625854492,
      11.11115550994873,
      13.333366394042969,
      15.555578231811523,
      17.777788162231445,
      20.0
    ],
    "b": 2.0,
    "c_amplitude": 2.0,
    "c_phase": 2.0,
    "dim": 2,
    "empty": [],
    "l": [
      9.999999747378752e-05,
      0.5556444525718689,
      1.1111888885498047,
      1.6667333841323853,
      2.2222776412963867,
      2.777822256088257,
      3.333366632461548,
      3.888911247253418,
      4.444455623626709,
      5.0
    ],
    "lr": [
      9.999999747378752e-05,
      0.1111999973654747,
      0.2222999930381775,
      0.3333999812602997,
      0.4444999694824219,
      0.5556000471115112,
      0.666700005531311,
      0.7778000235557556,
      0.8888999819755554,
      1.0
    ],
    "m_amplitude": 1.0,
    "m_phase": 0.0,
    "n_iter": 10,
    "std_y": [
      0.0,
      0.2631579041481018,
      0.5263158082962036,
      0.7894737124443054,
      1.0526316165924072,
      1.3157894611358643,
      1.5789474248886108,
      1.8421053886413574,
      2.1052632331848145,
      2.3684210777282715,
      2.6315789222717285,
      2.8947370052337646,
      3.1578948497772217,
      3.4210526943206787,
      3.684210777282715,
      3.947368621826172,
      4.210526466369629,
      4.473684310913086,
      4.736842155456543,
      5.0
    ]
  },
  "model_tag": "Bayes",
  "res": 20,
  "res_hyper": 10,
  "run_tag": "std_y",
  "seed": 24
}