{
  "NAME": "Unimodal_Experiments-correction-niter",
  "SUPPORTED_MODELS": [
    "Bayes",
    "SGD",
    "Linear",
    "Ridge",
    "MAML",
    "GeneralRidge"
  ],
  "config": {
    "Na": 100,
    "Ntrn": 10,
    "Ntst": 1000,
    "Nz": 100,
    "alpha": [
      0.0001,
      2.2223111111111113,
      4.444522222222222,
      6.666733333333333,
      8.888944444444444,
      11.111155555555555,
      13.333366666666667,
      15.555577777777778,
      17.77778888888889,
      20.0
    ],
    "b": 1.0,
    "c": [
      0.0,
      0.02040816326530612,
      0.04081632653061224,
      0.061224489795918366,
      0.08163265306122448,
      0.1020408163265306,
      0.12244897959183673,
      0.14285714285714285,
      0.16326530612244897,
      0.18367346938775508,
      0.2040816326530612,
      0.22448979591836732,
      0.24489795918367346,
      0.26530612244897955,
      0.2857142857142857,
      0.3061224489795918,
      0.32653061224489793,
      0.3469387755102041,
      0.36734693877551017,
      0.3877551020408163,
      0.4081632653061224,
      0.42857142857142855,
      0.44897959183673464,
      0.4693877551020408,
      0.4897959183673469,
      0.5102040816326531,
      0.5306122448979591,
      0.5510204081632653,
      0.5714285714285714,
      0.5918367346938775,
      0.6122448979591836,
      0.6326530612244897,
      0.6530612244897959,
      0.673469387755102,
      0.6938775510204082,
      0.7142857142857142,
      0.7346938775510203,
      0.7551020408163265,
      0.7755102040816326,
      0.7959183673469387,
      0.8163265306122448,
      0.836734693877551,
      0.8571428571428571,
      0.8775510204081632,
      0.8979591836734693,
      0.9183673469387754,
      0.9387755102040816,
      0.9591836734693877,
      0.9795918367346939,
      1.0
    ],
    "dim": 1,
    "lr": [
      0.0001,
      0.11120000000000001,
      0.2223,
      0.33340000000000003,
      0.4445,
      0.5556,
      0.6667000000000001,
      0.7778,
      0.8889,
      1.0
    ],
    "m": 0.0,
    "n_iter": 9,
    "std_y": 1
  },
  "k": "n_iter",
  "model_tag": "MAML",
  "numba_config": {
    "_dict_type": {
      "py/reduce": [
        {
          "py/function": "numba.core.types.abstract._type_reconstructor"
        },
        {
          "py/tuple": [
            {
              "py/function": "copyreg._reconstructor"
            },
            {
              "py/tuple": [
                {
                  "py/type": "numba.core.types.containers.DictType"
                },
                {
                  "py/type": "builtins.object"
                },
                null
              ]
            },
            {
              "_code": 511,
              "_initial_value": null,
              "key_type": {
                "py/reduce": [
                  {
                    "py/function": "numba.core.types.abstract._type_reconstructor"
                  },
                  {
                    "py/tuple": [
                      {
                        "py/function": "copyreg._reconstructor"
                      },
                      {
                        "py/tuple": [
                          {
                            "py/type": "numba.core.types.misc.UnicodeType"
                          },
                          {
                            "py/type": "builtins.object"
                          },
                          null
                        ]
                      },
                      {
                        "_code": 8,
                        "name": "unicode_type"
                      }
                    ]
                  }
                ]
              },
              "keyvalue_type": {
                "py/reduce": [
                  {
                    "py/function": "numba.core.types.abstract._type_reconstructor"
                  },
                  {
                    "py/tuple": [
                      {
                        "py/function": "copyreg._reconstructor"
                      },
                      {
                        "py/tuple": [
                          {
                            "py/type": "numba.core.types.containers.Tuple"
                          },
                          {
                            "py/type": "builtins.object"
                          },
                          null
                        ]
                      },
                      {
                        "_code": 510,
                        "count": 2,
                        "dtype": {
                          "py/reduce": [
                            {
                              "py/function": "numba.core.types.abstract._type_reconstructor"
                            },
                            {
                              "py/tuple": [
                                {
                                  "py/function": "copyreg._reconstructor"
                                },
                                {
                                  "py/tuple": [
                                    {
                                      "py/type": "numba.core.types.containers.UnionType"
                                    },
                                    {
                                      "py/type": "builtins.object"
                                    },
                                    null
                                  ]
                                },
                                {
                                  "_code": 509,
                                  "name": "Union[array(float64, 1d, A),unicode_type]",
                                  "types": {
                                    "py/tuple": [
                                      {
                                        "py/id": 7
                                      },
                                      {
                                        "py/id": 6
                                      }
                                    ]
                                  }
                                }
                              ]
                            }
                          ]
                        },
                        "name": "Tuple(unicode_type, array(float64, 1d, A))",
                        "types": {
                          "py/tuple": [
                            {
                              "py/id": 6
                            },
                            {
                              "py/id": 7
                            }
                          ]
                        }
                      }
                    ]
                  }
                ]
              },
              "name": "DictType[unicode_type,array(float64, 1d, A)]<iv=None>",
              "value_type": {
                "py/reduce": [
                  {
                    "py/function": "numba.core.types.abstract._type_reconstructor"
                  },
                  {
                    "py/tuple": [
                      {
                        "py/function": "copyreg._reconstructor"
                      },
                      {
                        "py/tuple": [
                          {
                            "py/type": "numba.core.types.npytypes.Array"
                          },
                          {
                            "py/type": "builtins.object"
                          },
                          null
                        ]
                      },
                      {
                        "_code": 508,