{
  "NAME": "unimodal-nonlinear-fix",
  "SUPPORTED_MODELS": [
    "Bayes",
    "KernelRidge",
    "MAML",
    "GD"
  ],
  "config": {
    "Na": 50,
    "Ntrn": 2,
    "Ntst": 1000,
    "Nz": 50,
    "alpha": [
      9.999999747378752e-05,
      2.222311019897461,
      4.444522380828857,
      6.666733741760254,
      8.888944625854492,
      11.11115550994873,
      13.333366394042969,
      15.555578231811523,
      17.777788162231445,
      20.0
    ],
    "b": 2.0,
    "c_amplitude": 2.0,
    "c_phase": [
      0.0010000000474974513,
      0.5272631049156189,
      1.0535262823104858,
      1.579789400100708,
      2.1060523986816406,
      2.6323156356811523,
      3.158578634262085,
      3.6848416328430176,
      4.211104869842529,
      4.737368106842041,
      5.2636308670043945,
      5.789894104003906,
      6.316157341003418,
      6.84242057800293,
      7.368683815002441,
      7.894946575164795,
      8.421210289001465,
      8.947473526000977,
      9.473736763000488,
      10.0
    ],
    "dim": 1,
    "empty": [],
    "l": [
      9.999999747378752e-05,
      0.5556444525718689,
      1.1111888885498047,
      1.6667333841323853,
      2.2222776412963867,
      2.777822256088257,
      3.333366632461548,
      3.888911247253418,
      4.444455623626709,
      5.0
    ],
    "lr": [
      9.999999747378752e-05,
      0.1111999973654747,
      0.2222999930381775,
      0.3333999812602997,
      0.4444999694824219,
      0.5556000471115112,
      0.666700005531311,
      0.7778000235557556,
      0.8888999819755554,
      1.0
    ],
    "m_amplitude": 1.0,
    "m_phase": 0.0,
    "n_iter": 10,
    "std_y": 1
  },
  "model_tag": "GD",
  "res": 20,
  "res_hyper": 10,
  "run_tag": "c_phase",
  "seed": 24
}