{
  "NAME": "Unimodal_Experiments",
  "SUPPORTED_MODELS": [
    "Bayes",
    "SGD",
    "Linear",
    "Ridge"
  ],
  "config": {
    "Na": 100,
    "Ntrn": 10,
    "Ntst": 1000,
    "Nz": 100,
    "alpha": [
      0.0001,
      1.0527263157894737,
      2.1053526315789477,
      3.1579789473684214,
      4.210605263157895,
      5.2632315789473685,
      6.315857894736842,
      7.368484210526316,
      8.42111052631579,
      9.473736842105264,
      10.526363157894737,
      11.57898947368421,
      12.631615789473685,
      13.68424210526316,
      14.736868421052632,
      15.789494736842105,
      16.84212105263158,
      17.894747368421054,
      18.94737368421053,
      20.0
    ],
    "b": [
      1.0,
      1.0816326530612246,
      1.163265306122449,
      1.2448979591836735,
      1.3265306122448979,
      1.4081632653061225,
      1.489795918367347,
      1.5714285714285714,
      1.6530612244897958,
      1.7346938775510203,
      1.816326530612245,
      1.8979591836734693,
      1.9795918367346939,
      2.061224489795918,
      2.142857142857143,
      2.224489795918367,
      2.3061224489795915,
      2.387755102040816,
      2.4693877551020407,
      2.5510204081632653,
      2.63265306122449,
      2.7142857142857144,
      2.7959183673469385,
      2.877551020408163,
      2.9591836734693877,
      3.0408163265306123,
      3.1224489795918364,
      3.204081632653061,
      3.2857142857142856,
      3.36734693877551,
      3.4489795918367343,
      3.530612244897959,
      3.6122448979591835,
      3.693877551020408,
      3.7755102040816326,
      3.8571428571428568,
      3.9387755102040813,
      4.020408163265306,
      4.1020408163265305,
      4.183673469387754,
      4.26530612244898,
      4.346938775510203,
      4.428571428571429,
      4.5102040816326525,
      4.591836734693877,
      4.673469387755102,
      4.755102040816326,
      4.836734693877551,
      4.918367346938775,
      5.0
    ],
    "c": 1.0,
    "dim": 50,
    "lr": [
      0.0001,
      0.05272631578947369,
      0.10535263157894738,
      0.15797894736842105,
      0.21060526315789474,
      0.2632315789473684,
      0.3158578947368421,
      0.3684842105263158,
      0.4211105263157895,
      0.4737368421052632,
      0.5263631578947369,
      0.5789894736842105,
      0.6316157894736842,
      0.684242105263158,
      0.7368684210526316,
      0.7894947368421052,
      0.842121052631579,
      0.8947473684210527,
      0.9473736842105264,
      1.0
    ],
    "m": 0.0,
    "n_iter": 1,
    "std_y": 1
  },
  "k": "n_iter",
  "model_tag": "Bayes",
  "numba_config": {
    "_dict_type": {
      "py/reduce": [
        {
          "py/function": "numba.core.types.abstract._type_reconstructor"
        },
        {
          "py/tuple": [
            {
              "py/function": "copyreg._reconstructor"
            },
            {
              "py/tuple": [
                {
                  "py/type": "numba.core.types.containers.DictType"
                },
                {
                  "py/type": "builtins.object"
                },
                null
              ]
            },
            {
              "_code": 482,
              "_initial_value": null,
              "key_type": {
                "py/reduce": [
                  {
                    "py/function": "numba.core.types.abstract._type_reconstructor"
                  },
                  {
                    "py/tuple": [
                      {
                        "py/function": "copyreg._reconstructor"
                      },
                      {
                        "py/tuple": [
                          {
                            "py/type": "numba.core.types.misc.UnicodeType"
                          },
                          {
                            "py/type": "builtins.object"
                          },
                          null
                        ]
                      },
                      {
                        "_code": 8,
                        "name": "unicode_type"
                      }
                    ]
                  }
                ]
              },
              "keyvalue_type": {
                "py/reduce": [
                  {
                    "py/function": "numba.core.types.abstract._type_reconstructor"
                  },
                  {
                    "py/tuple": [
                      {
                        "py/function": "copyreg._reconstructor"
                      },
                      {
                        "py/tuple": [
                          {
                            "py/type": "numba.core.types.containers.Tuple"
                          },
                          {
                            "py/type": "builtins.object"
                          },
                          null
                        ]
                      },
                      {
                        "_code": 481,
                        "count": 2,
                        "dtype": {
                          "py/reduce": [
                            {
                              "py/function": "numba.core.types.abstract._type_reconstructor"
                            },
                            {
                              "py/tuple": [
                                {
                                  "py/function": "copyreg._reconstructor"
                                },
                                {
                                  "py/tuple": [
                                    {
                                      "py/type": "numba.core.types.containers.UnionType"
                                    },
                                    {
                                      "py/type": "builtins.object"
                                    },
                                    null
                                  ]
                                },
                                {
                                  "_code": 480,
                                  "name": "Union[array(float64, 1d, A),unicode_type]",
                                  "types": {
                                    "py/tuple": [
                                      {
                                        "py/id": 7
                                      },
                                      {
                                        "py/id": 6
                                      }
                                    ]
                                  }
                                }
                              ]
                            }
                          ]
                        },
                        "name": "Tuple(unicode_type, array(float64, 1d, A))",
                        "types": {
                          "py/tuple": [
                            {
                              "py/id": 6
                            },
                            {
                              "py/id": 7
                            }
                          ]
                        }
                      }
                    ]
                  }
                ]
              },
              "name": "DictType[unicode_type,array(float64, 1d, A)]<iv=None>",