{
  "NAME": "Unimodal_Experiments",
  "SUPPORTED_MODELS": [
    "Bayes",
    "SGD",
    "Linear",
    "Ridge"
  ],
  "config": {
    "Na": 100.0,
    "Ntrn": 2,
    "Ntst": 1000.0,
    "Nz": 100.0,
    "alpha": [
      0.0001,
      0.26325263157894735,
      0.5264052631578947,
      0.789557894736842,
      1.0527105263157894,
      1.3158631578947368,
      1.579015789473684,
      1.8421684210526315,
      2.105321052631579,
      2.3684736842105263,
      2.631626315789474,
      2.894778947368421,
      3.1579315789473683,
      3.421084210526316,
      3.684236842105263,
      3.947389473684211,
      4.2105421052631575,
      4.473694736842105,
      4.736847368421052,
      5.0
    ],
    "b": 1.0,
    "c": 1.0,
    "dim": 50,
    "lr": [
      0.0001,
      0.05272631578947369,
      0.10535263157894738,
      0.15797894736842105,
      0.21060526315789474,
      0.2632315789473684,
      0.3158578947368421,
      0.3684842105263158,
      0.4211105263157895,
      0.4737368421052632,
      0.5263631578947369,
      0.5789894736842105,
      0.6316157894736842,
      0.684242105263158,
      0.7368684210526316,
      0.7894947368421052,
      0.842121052631579,
      0.8947473684210527,
      0.9473736842105264,
      1.0
    ],
    "m": 0.0,
    "n_iter": 1,
    "std_y": [
      0.0,
      0.050505050505050504,
      0.10101010101010101,
      0.15151515151515152,
      0.20202020202020202,
      0.25252525252525254,
      0.30303030303030304,
      0.35353535353535354,
      0.40404040404040403,
      0.45454545454545453,
      0.5050505050505051,
      0.5555555555555556,
      0.6060606060606061,
      0.6565656565656566,
      0.7070707070707071,
      0.7575757575757576,
      0.8080808080808081,
      0.8585858585858586,
      0.9090909090909091,
      0.9595959595959596,
      1.0101010101010102,
      1.0606060606060606,
      1.1111111111111112,
      1.1616161616161615,
      1.2121212121212122,
      1.2626262626262625,
      1.3131313131313131,
      1.3636363636363635,
      1.4141414141414141,
      1.4646464646464645,
      1.5151515151515151,
      1.5656565656565655,
      1.6161616161616161,
      1.6666666666666667,
      1.7171717171717171,
      1.7676767676767677,
      1.8181818181818181,
      1.8686868686868687,
      1.9191919191919191,
      1.9696969696969697,
      2.0202020202020203,
      2.0707070707070705,
      2.121212121212121,
      2.1717171717171717,
      2.2222222222222223,
      2.2727272727272725,
      2.323232323232323,
      2.3737373737373737,
      2.4242424242424243,
      2.474747474747475,
      2.525252525252525,
      2.5757575757575757,
      2.6262626262626263,
      2.676767676767677,
      2.727272727272727,
      2.7777777777777777,
      2.8282828282828283,
      2.878787878787879,
      2.929292929292929,
      2.9797979797979797,
      3.0303030303030303,
      3.080808080808081,
      3.131313131313131,
      3.1818181818181817,
      3.2323232323232323,
      3.282828282828283,
      3.3333333333333335,
      3.3838383838383836,
      3.4343434343434343,
      3.484848484848485,
      3.5353535353535355,
      3.5858585858585856,
      3.6363636363636362,
      3.686868686868687,
      3.7373737373737375,
      3.7878787878787876,
      3.8383838383838382,
      3.888888888888889,
      3.9393939393939394,
      3.9898989898989896,
      4.040404040404041,
      4.090909090909091,
      4.141414141414141,
      4.191919191919192,
      4.242424242424242,
      4.292929292929293,
      4.343434343434343,
      4.393939393939394,
      4.444444444444445,
      4.494949494949495,
      4.545454545454545,
      4.595959595959596,
      4.646464646464646,
      4.696969696969697,
      4.747474747474747,
      4.797979797979798,
      4.848484848484849,
      4.898989898989899,
      4.94949494949495,
      5.0
    ]
  },
  "k": "n_iter",
  "model_tag": "Linear",
  "numba_config": {
    "_dict_type": {
      "py/reduce": [
        {
          "py/function": "numba.core.types.abstract._type_reconstructor"
        },
        {
          "py/tuple": [
            {
              "py/function": "copyreg._reconstructor"
            },
            {
              "py/tuple": [
                {
                  "py/type": "numba.core.types.containers.DictType"
                },
                {
                  "py/type": "builtins.object"
                },
                null
              ]
            },
            {
              "_code": 492,
              "_initial_value": null,
              "key_type": {
                "py/reduce": [
                  {
                    "py/function": "numba.core.types.abstract._type_reconstructor"
                  },
                  {
                    "py/tuple": [
                      {
                        "py/function": "copyreg._reconstructor"
                      },
                      {
                        "py/tuple": [
                          {
                            "py/type": "numba.core.types.misc.UnicodeType"
                          },
                          {
                            "py/type": "builtins.object"
                          },
                          null
                        ]
                      },
                      {
                        "_code": 8,
                        "name": "unicode_type"
                      }
                    ]
                  }
                ]
              },
              "keyvalue_type": {
                "py/reduce": [
                  {
                    "py/function": "numba.core.types.abstract._type_reconstructor"
                  },
                  {
                    "py/tuple": [
                      {
                        "py/function": "copyreg._reconstructor"
                      },
                      {
                        "py/tuple": [
                          {
                            "py/type": "numba.core.types.containers.Tuple"
                          },
                          {
                            "py/type": "builtins.object"
                          },
                          null
                        ]
                      },
                      {
                        "_code": 491,
                        "count": 2,
                        "dtype": {
                          "py/reduce": [
                            {
                              "py/function": "numba.core.types.abstract._type_reconstructor"
                            },
                            {
                              "py/tuple": [
                                {
                                  "py/function": "copyreg._reconstructor"
                                },
                                {
                                  "py/tuple": [
                                    {
                                      "py/type": "numba.core.types.containers.UnionType"
                                    },
                                    {
                                      "py/type": "builtins.object"
                                    },
                                    null
                                  ]
                                },
                                {
                                  "_code": 490,
                                  "name": "Union[array(float64, 1d, A),unicode_type]",