{
  "NAME": "unimodal-nonlinear",
  "SUPPORTED_MODELS": [
    "Bayes",
    "KernelRidge",
    "MAML"
  ],
  "config": {
    "Na": 2,
    "Ntrn": 5,
    "Ntst": 10,
    "Nz": 2,
    "alpha": [
      9.999999747378752e-05,
      10.000049591064453,
      20.0
    ],
    "b": 2.0,
    "c_amplitude": 2.0,
    "c_phase": 2.0,
    "dim": 1,
    "empty": [],
    "l": [
      9.999999747378752e-05,
      2.5000500679016113,
      5.0
    ],
    "lr": [
      9.999999747378752e-05,
      0.5000500082969666,
      1.0
    ],
    "m_amplitude": 1.0,
    "m_phase": 0.0,
    "model_ids": {
      "json://1": 1,
      "json://10": 3,
      "json://2": 2,
      "json://50": 4
    },
    "model_path": "MAML_Training_noiseless/artifacts/1/model.pt",
    "n_iter": 10,
    "std_y": [
      0.0,
      1.25,
      2.5,
      3.75,
      5.0
    ]
  },
  "model_tag": "MAML",
  "res": 5,
  "res_hyper": 3,
  "run_tag": "std_y",
  "seed": 24
}