{
  "NAME": "unimodal-nonlinear-personal-2",
  "SUPPORTED_MODELS": [
    "Bayes",
    "KernelRidge",
    "MAML",
    "GD"
  ],
  "config": {
    "Na": 50,
    "Ntrn": [
      1,
      2,
      3,
      4,
      5,
      6,
      7,
      8,
      9,
      10,
      11,
      12,
      13,
      14,
      15,
      16,
      17,
      18,
      19
    ],
    "Ntst": 1000,
    "Nz": 50,
    "alpha": [
      9.999999747378752e-05,
      2.222311019897461,
      4.444522380828857,
      6.666733264923096,
      8.888944625854492,
      11.11115550994873,
      13.333366394042969,
      15.555578231811523,
      17.777788162231445,
      20.0
    ],
    "b": 2.0,
    "c_amplitude": 2.0,
    "c_phase": 2.0,
    "dim": 1,
    "empty": [],
    "l": [
      9.999999747378752e-05,
      0.5556444525718689,
      1.1111888885498047,
      1.6667332649230957,
      2.2222776412963867,
      2.777822256088257,
      3.333366632461548,
      3.888911247253418,
      4.444455623626709,
      5.0
    ],
    "lr": [
      9.999999747378752e-05,
      0.1111999973654747,
      0.2222999930381775,
      0.3333999812602997,
      0.4444999694824219,
      0.5556000471115112,
      0.666700005531311,
      0.7778000235557556,
      0.8888999819755554,
      1.0
    ],
    "m_amplitude": 1.0,
    "m_phase": 0.0,
    "model_ids": {
      "json://1": 1,
      "json://10": 3,
      "json://2": 2,
      "json://50": 4
    },
    "model_path": "MAML_Training_noiseless/artifacts/1/model.pt",
    "n_iter": 10,
    "std_y": 1
  },
  "model_tag": "MAML",
  "res": 20,
  "res_hyper": 10,
  "run_tag": "Ntrn",
  "seed": 24
}